{
  "group": "su4",
  "harmonics": [
    5,
    6
  ],
  "delta0": 0.0,
  "delta1": 0.44879895,
  "run0": {
    "stdout": "[su4] coarse best at (\u03b1,\u03b2)=(0.000000,1.570796)  detG=1.884e-07  minNorm=4.340e-04  rho(T)=0.000004  \u03bb_min(G)=4.340e-04  \u0394P\u2082N(\u2016\u00b7\u2016\u2082)=1.042e-02  \u0394P\u2082N(max)=1.042e-02\n[su4] final best at (\u03b1,\u03b2)=(-0.785398,0.785398)  detG=1.884e-07  minNorm=4.340e-04  rho(T)=0.000004  \u03bb_min(G)=4.340e-04  \u0394P\u2082N(\u2016\u00b7\u2016\u2082)=1.042e-02  \u0394P\u2082N(max)=1.042e-02\n\n=== SU4 CERTIFICATE === (harmonics 5,6)\nB=1024  Nproj=48  grid=20  tau=0.02  r=0.08  delta=0.4488  Ces\u00e0ro start=I\nbest (alpha, beta) = (-0.785398, 0.785398)\ndet G = 1.883803e-07\nmin ||u + h v||^2 (complex-h) = 4.340306e-04\n\u03c1(T) = 0.000004  \u03bb_min(G) = 4.340254e-04  \u03bb_max(G) = 4.340306e-04  cond(G) = 1.000e+00  PSD violation? False\n\u0394P\u2082N(\u2016\u00b7\u2016\u2082) = 1.041670e-02   \u0394P\u2082N(max) = 1.041670e-02\nDynamic Analysis (N=128):\n  Convergence Rate: 6.786913e-10\n  Max Drift Angle:  1.781920e-07 rad\n  Coherence Ratio:  inf\n  Coherence Ratio (reg.):  2.558781e+08\nVerdict: Geometric obstruction (directions stay distinct; no collapse)\n  \u274c rel_min = 5.000e-01  (smaller is more coherent)\n    [\u2591\u2591\u2591\u2591\u2591\u2591\u2591\u2591\u2591\u2591\u2591\u2591\u2591\u2591\u2591\u2591\u2591\u2591\u2591\u2591]  thresholds: 0.03 (coherent), 0.15 (weak)\n  \u274c Ces\u00e0ro stability \u0394P\u2082N(\u2016\u00b7\u2016\u2082) = 1.042e-02\n  \u274c Dynamic convergence rate = 6.787e-10\n\nLegend: \u2705 pass, \u274c fail; rel_min bar fills more on stronger coherence. Thresholds: rel_min \u2264 0.03 \u2192 Coherent, 0.03\u20130.15 \u2192 Weak, > 0.15 \u2192 Obstruction.\n",
    "metrics": {
      "rel_min": 0.000434,
      "convergence_rate": 6.786913e-10,
      "rho_T": 4e-06,
      "lambda_min": 0.000434,
      "lambda_max": 0.0004340306,
      "cond": null
    }
  },
  "run1": {
    "stdout": "[su4] coarse best at (\u03b1,\u03b2)=(0.000000,0.628319)  detG=1.884e-07  minNorm=4.340e-04  rho(T)=0.000003  \u03bb_min(G)=4.340e-04  \u0394P\u2082N(\u2016\u00b7\u2016\u2082)=1.042e-02  \u0394P\u2082N(max)=1.042e-02\n[su4] final best at (\u03b1,\u03b2)=(-0.785398,0.985318)  detG=1.884e-07  minNorm=4.340e-04  rho(T)=0.000003  \u03bb_min(G)=4.340e-04  \u0394P\u2082N(\u2016\u00b7\u2016\u2082)=1.042e-02  \u0394P\u2082N(max)=1.042e-02\n\n=== SU4 CERTIFICATE === (harmonics 5,6)\nB=1024  Nproj=48  grid=20  tau=0.02  r=0.08  delta=0.8976  Ces\u00e0ro start=I\nbest (alpha, beta) = (-0.785398, 0.985318)\ndet G = 1.883797e-07\nmin ||u + h v||^2 (complex-h) = 4.340298e-04\n\u03c1(T) = 0.000003  \u03bb_min(G) = 4.340249e-04  \u03bb_max(G) = 4.340298e-04  cond(G) = 1.000e+00  PSD violation? False\n\u0394P\u2082N(\u2016\u00b7\u2016\u2082) = 1.041669e-02   \u0394P\u2082N(max) = 1.041669e-02\nDynamic Analysis (N=128):\n  Convergence Rate: 4.957304e-10\n  Max Drift Angle:  0.000000e+00 rad\n  Coherence Ratio:  inf\n  Coherence Ratio (reg.):  1.793940e+08\nVerdict: Geometric obstruction (directions stay distinct; no collapse)\n  \u274c rel_min = 5.000e-01  (smaller is more coherent)\n    [\u2591\u2591\u2591\u2591\u2591\u2591\u2591\u2591\u2591\u2591\u2591\u2591\u2591\u2591\u2591\u2591\u2591\u2591\u2591\u2591]  thresholds: 0.03 (coherent), 0.15 (weak)\n  \u274c Ces\u00e0ro stability \u0394P\u2082N(\u2016\u00b7\u2016\u2082) = 1.042e-02\n  \u274c Dynamic convergence rate = 4.957e-10\n\nLegend: \u2705 pass, \u274c fail; rel_min bar fills more on stronger coherence. Thresholds: rel_min \u2264 0.03 \u2192 Coherent, 0.03\u20130.15 \u2192 Weak, > 0.15 \u2192 Obstruction.\n",
    "metrics": {
      "rel_min": 0.000434,
      "convergence_rate": 4.957304e-10,
      "rho_T": 3e-06,
      "lambda_min": 0.000434,
      "lambda_max": 0.0004340298,
      "cond": null
    }
  },
  "verdict_unchanged": true
}